<?xml version="1.0" encoding="UTF-8"?>
<root>
  <item name="cn.berfy.framework.support.waveview.MaterialProgressDrawable void updateSizes(int) 0">
    <annotation name="android.support.annotation.IntDef">
      <val name="value" val="{cn.berfy.framework.support.waveview.MaterialProgressDrawable.LARGE, cn.berfy.framework.support.waveview.MaterialProgressDrawable.DEFAULT}" />
    </annotation>
  </item>
  <item name="cn.berfy.framework.support.waveview.MaterialProgressDrawable.ProgressDrawableSize">
    <annotation name="android.support.annotation.IntDef">
      <val name="value" val="{cn.berfy.framework.support.waveview.MaterialProgressDrawable.LARGE, cn.berfy.framework.support.waveview.MaterialProgressDrawable.DEFAULT}" />
    </annotation>
  </item>
</root>

